dataid,time,use,gen
114,2009/1/16 0:00,1.3072,-0.004566667
114,2009/1/16 1:00,1.2859,-0.003516667
114,2009/1/16 2:00,1.0399667,-0.0034
114,2009/1/16 3:00,1.7420833,-0.004566667
114,2009/1/16 4:00,3.9702833,-0.00405
114,2009/1/16 5:00,2.4325666,-0.003383333
114,2009/1/16 6:00,1.0230334,-0.005216667
114,2009/1/16 7:00,0.81588334,0.022133334
114,2009/1/16 8:00,0.99715,0.20061667
114,2009/1/16 9:00,0.90698332,1.0915
114,2009/1/16 10:00,1.4449333,1.7227499
114,2009/1/16 11:00,1.8487,1.9143333
114,2009/1/16 12:00,1.89305,2.3186834
114,2009/1/16 13:00,1.6824833,2.1927166
114,2009/1/16 14:00,1.6033334,2.3641
114,2009/1/16 15:00,2.4844501,1.93765
114,2009/1/16 16:00,2.9345334,1.6196166
114,2009/1/16 17:00,3.0294499,0.58308333
114,2009/1/16 18:00,2.3631334,0.19326666
114,2009/1/16 19:00,2.7337501,0.0132
114,2009/1/16 20:00,3.1990333,-0.01025
114,2009/1/16 21:00,2.5520501,-0.0104
114,2009/1/16 22:00,1.3831482,-0.006759259
114,2009/1/16 23:00,1.829356,-0.002627119
114,2009/2/16 0:00,1.9905179,-0.002035714
114,2009/2/16 1:00,1.8286957,-0.002217391
114,2009/2/16 2:00,1.5306904,-0.002357143
114,2009/2/16 3:00,1.193,-0.004047619
114,2009/2/16 4:00,1.41164,-0.00376
114,2009/2/16 5:00,1.0878372,-0.006023256
114,2009/2/16 6:00,0.91789472,-0.011719299
114,2009/2/16 7:00,1.093431,0.079568967
114,2009/2/16 8:00,0.69616324,0.43151021
114,2009/2/16 9:00,1.9920182,0.80361819
114,2009/2/16 10:00,1.9765581,1.5003953
114,2009/2/16 11:00,2.9287143,2.3899643
114,2009/2/16 12:00,3.4600651,2.4556305
114,2009/2/16 13:00,3.4915581,1.7500232
114,2009/2/16 14:00,2.4501667,1.5240417
114,2009/2/16 15:00,2.831852,1.4839075
114,2009/2/16 16:00,2.4287169,1.1086981
114,2009/2/16 17:00,2.3971429,0.69963264
114,2009/2/16 18:00,1.7101001,0.1059
114,2009/2/16 19:00,2.1470878,-0.00931579
114,2009/2/16 20:00,1.74415,-0.0111
114,2009/2/16 21:00,1.6683667,-0.008583333
114,2009/2/16 22:00,1.387,-0.004674419
114,2009/2/16 23:00,1.6443864,-0.002704545
114,2009/3/16 0:00,0.83280951,-0.005214286
114,2009/3/16 1:00,1.1454905,-0.005528302
114,2009/3/16 2:00,4.0422182,-0.004781818
114,2009/3/16 3:00,4.1610546,-0.004254546
114,2009/3/16 4:00,4.8917665,-0.0045
114,2009/3/16 5:00,0.78076923,-0.004948718
114,2009/3/16 6:00,0.66927588,-0.005137931
114,2009/3/16 7:00,0.82343394,0.1124717
114,2009/3/16 8:00,1.2300345,0.56996554
114,2009/3/16 9:00,1.4998136,1.4427797
114,2009/3/16 10:00,1.9847333,1.9603333
114,2009/3/16 11:00,2.7828834,2.1191666
114,2009/3/16 12:00,2.9807026,2.3036487
114,2009/3/16 13:00,2.8554332,1.9658333
114,2009/3/16 14:00,5.1191835,1.5409499
114,2009/3/16 15:00,5.5498643,1.9202712
114,2009/3/16 16:00,5.4316669,1.4091001
114,2009/3/16 17:00,3.4097018,0.64401752
114,2009/3/16 18:00,3.7628889,0.087972224
114,2009/3/16 19:00,3.6102166,-0.0058
114,2009/3/16 20:00,3.6022916,-0.0020625
114,2009/3/16 21:00,2.6638095,-0.00752381
114,2009/3/16 22:00,2.2402546,-0.005545455
114,2009/3/16 23:00,2.2776666,-0.000666667
114,2009/4/16 0:00,1.6787674,-0.001627907
114,2009/4/16 1:00,1.5909796,-0.002326531
114,2009/4/16 2:00,1.1344898,-0.003693878
114,2009/4/16 3:00,0.90864283,-0.0045
114,2009/4/16 4:00,3.5561054,-0.004289474
114,2009/4/16 5:00,0.92409998,-0.005233333
114,2009/4/16 6:00,0.74836844,-0.004491228
114,2009/4/16 7:00,0.68481034,0.091844827
114,2009/4/16 8:00,1.4392084,0.40420833
114,2009/4/16 9:00,1.7600263,1.1396842
114,2009/4/16 10:00,1.5685556,1.9088222
114,2009/4/16 11:00,1.7489166,2.02915
114,2009/4/16 12:00,1.8502166,1.9266
114,2009/4/16 13:00,1.9865,2.4485834
114,2009/4/16 14:00,3.0241666,2.2349
114,2009/4/16 15:00,3.1867666,2.0147333
114,2009/4/16 16:00,3.5506999,1.2841001
114,2009/4/16 17:00,3.4300666,0.70069999
114,2009/4/16 18:00,3.2116334,0.22903334
114,2009/4/16 19:00,3.1764166,0.081799999
114,2009/4/16 20:00,3.7974834,0.00155
114,2009/4/16 21:00,3.13625,-0.0052
114,2009/4/16 22:00,1.4367501,-0.004566667
114,2009/4/16 23:00,1.3566834,-0.0031
114,2009/5/16 0:00,1.0329833,-0.003883333
114,2009/5/16 1:00,0.79051667,-0.004883333
114,2009/5/16 2:00,0.62984997,-0.00535
114,2009/5/16 3:00,0.66323334,-0.006183333
114,2009/5/16 4:00,0.80568331,-0.00605
114,2009/5/16 5:00,1.7169666,-0.0043
114,2009/5/16 6:00,0.59810001,-0.005
114,2009/5/16 7:00,0.62523335,0.00725
114,2009/5/16 8:00,1.0081167,0.16786666
114,2009/5/16 9:00,1.8172333,0.43755001
114,2009/5/16 10:00,2.4192333,0.90461665
114,2009/5/16 11:00,2.6414833,1.8869667
114,2009/5/16 12:00,2.3536668,2.0635667
114,2009/5/16 13:00,2.9879167,2.5366001
114,2009/5/16 14:00,2.8678,1.4736667
114,2009/5/16 15:00,1.7936167,0.83943331
114,2009/5/16 16:00,2.4129,0.36981666
114,2009/5/16 17:00,1.0626333,0.44055
114,2009/5/16 18:00,1.3326666,0.37588334
114,2009/5/16 19:00,1.6707667,0.040616665
114,2009/5/16 20:00,2.1418667,-0.003483333
114,2009/5/16 21:00,1.1127501,-0.0051
114,2009/5/16 22:00,1.4891334,-0.007066667
114,2009/5/16 23:00,1.4628333,-0.003866667
114,2009/6/16 0:00,0.89703333,-0.004933334
114,2009/6/16 1:00,0.93606669,-0.00535
114,2009/6/16 2:00,2.0120499,-0.005216667
114,2009/6/16 3:00,4.0206165,-0.00505
114,2009/6/16 4:00,3.9291334,-0.005366667
114,2009/6/16 5:00,1.8795333,-0.005983333
114,2009/6/16 6:00,0.38858333,-0.009716666
114,2009/6/16 7:00,0.53928334,-0.007416667
114,2009/6/16 8:00,0.83608335,0.18081667
114,2009/6/16 9:00,1.1758833,0.59275001
114,2009/6/16 10:00,1.2143167,1.4652333
114,2009/6/16 11:00,0.98706669,1.6761833
114,2009/6/16 12:00,1.1123333,2.1824999
114,2009/6/16 13:00,0.68548334,2.3250334
114,2009/6/16 14:00,0.86268336,2.0143166
114,2009/6/16 15:00,0.76188332,0.93835002
114,2009/6/16 16:00,2.3159499,1.5187833
114,2009/6/16 17:00,2.0985999,1.0743834
114,2009/6/16 18:00,2.4256499,0.16975001
114,2009/6/16 19:00,2.8401999,0.063866667
114,2009/6/16 20:00,3.1767333,-0.001266667
114,2009/6/16 21:00,4.1217999,0.000333333
114,2009/6/16 22:00,3.0521333,-0.00195
114,2009/6/16 23:00,1.2261667,-0.004583333
114,2009/7/16 0:00,0.90098333,-0.005733334
114,2009/7/16 1:00,0.82990003,-0.0055
114,2009/7/16 2:00,0.77798331,-0.0057
114,2009/7/16 3:00,0.78591669,-0.0057
114,2009/7/16 4:00,3.9657333,-0.004616667
114,2009/7/16 5:00,1.579,-0.00765
114,2009/7/16 6:00,0.64983332,-0.00635
114,2009/7/16 7:00,0.64345002,0.02445
114,2009/7/16 8:00,0.25804999,0.29781666
114,2009/7/16 9:00,0.29053333,0.90236664
114,2009/7/16 10:00,0.21726666,1.1656667
114,2009/7/16 11:00,0.20871666,1.4560333
114,2009/7/16 12:00,0.21134999,2.3618333
114,2009/7/16 13:00,0.97478336,2.0578167
114,2009/7/16 14:00,3.0378168,2.2130167
114,2009/7/16 15:00,2.9801333,1.6055833
114,2009/7/16 16:00,3.3879666,1.4811833
114,2009/7/16 17:00,3.1430166,0.96583331
114,2009/7/16 18:00,2.3879333,0.3461
114,2009/7/16 19:00,2.9972,0.023800001
114,2009/7/16 20:00,2.9447834,-0.001283333
114,2009/7/16 21:00,2.5167167,-0.0078
114,2009/7/16 22:00,1.9807833,-0.007016667
114,2009/7/16 23:00,1.5388499,-0.0034
171,2009/1/16 0:00,0.85796666,-0.00485
171,2009/1/16 1:00,0.83121669,-0.00495
171,2009/1/16 2:00,0.60433334,-0.004933334
171,2009/1/16 3:00,0.65834999,-0.004983333
171,2009/1/16 4:00,0.78899997,-0.004983333
171,2009/1/16 5:00,0.89503336,-0.004716667
171,2009/1/16 6:00,1.0051,-0.005166667
171,2009/1/16 7:00,0.57851666,0.08145
171,2009/1/16 8:00,0.55011666,0.23333333
171,2009/1/16 9:00,0.80123335,0.45734999
171,2009/1/16 10:00,1.31575,1.3528666
171,2009/1/16 11:00,1.22725,2.1405499
171,2009/1/16 12:00,2.07495,3.1738667
171,2009/1/16 13:00,3.3821001,3.6900167
171,2009/1/16 14:00,2.6772168,4.0236502
171,2009/1/16 15:00,2.7022834,3.7948
171,2009/1/16 16:00,2.5224333,3.4626501
171,2009/1/16 17:00,2.91785,1.2120167
171,2009/1/16 18:00,2.2491834,0.38881665
171,2009/1/16 19:00,1.8347833,0.029999999
171,2009/1/16 20:00,2.1814833,-0.005033333
171,2009/1/16 21:00,1.88155,-0.004183333
171,2009/1/16 22:00,0.96718335,-0.004383334
171,2009/1/16 23:00,0.95473331,-0.004816667
171,2009/2/16 0:00,0.65808332,-0.004866667
171,2009/2/16 1:00,0.7931,-0.0049
171,2009/2/16 2:00,0.84463334,-0.005
171,2009/2/16 3:00,0.69046664,-0.005
171,2009/2/16 4:00,0.56966668,-0.005
171,2009/2/16 5:00,0.98844999,-0.00485
171,2009/2/16 6:00,0.91219997,-0.00485
171,2009/2/16 7:00,0.77343333,0.083983332
171,2009/2/16 8:00,0.68993336,0.37474999
171,2009/2/16 9:00,0.70986664,1.0849833
171,2009/2/16 10:00,0.93804997,1.6444334
171,2009/2/16 11:00,1.3834667,2.8230333
171,2009/2/16 12:00,1.9111667,3.1465833
171,2009/2/16 13:00,1.9289833,3.2761166
171,2009/2/16 14:00,2.2897501,2.3619168
171,2009/2/16 15:00,2.1459668,3.48175
171,2009/2/16 16:00,2.4265001,2.7015166
171,2009/2/16 17:00,2.2728167,2.8996999
171,2009/2/16 18:00,2.0023167,0.94241667
171,2009/2/16 19:00,1.8194667,0.053383332
171,2009/2/16 20:00,1.5302833,-0.00615
171,2009/2/16 21:00,1.1985667,-0.004333333
171,2009/2/16 22:00,0.93293333,-0.004616667
171,2009/2/16 23:00,0.81038332,-0.0049
171,2009/3/16 0:00,0.99463332,-0.00495
171,2009/3/16 1:00,0.76998335,-0.00495
171,2009/3/16 2:00,0.7377333,-0.005
171,2009/3/16 3:00,0.72058332,-0.005
171,2009/3/16 4:00,0.73145002,-0.005
171,2009/3/16 5:00,0.61791664,-0.005
171,2009/3/16 6:00,0.62001669,-0.005
171,2009/3/16 7:00,0.75241667,0.092500001
171,2009/3/16 8:00,0.91065001,0.29463333
171,2009/3/16 9:00,1.2770166,0.51748335
171,2009/3/16 10:00,1.47525,1.35245
171,2009/3/16 11:00,1.4602,2.3673999
171,2009/3/16 12:00,1.6964667,3.2825
171,2009/3/16 13:00,2.5344167,3.2019167
171,2009/3/16 14:00,2.5243833,3.5630667
171,2009/3/16 15:00,5.3557167,4.1508498
171,2009/3/16 16:00,2.7856166,3.6663499
171,2009/3/16 17:00,2.6519833,2.8602667
171,2009/3/16 18:00,2.2514668,0.44268334
171,2009/3/16 19:00,2.0052667,0.093283333
171,2009/3/16 20:00,2.0293834,-0.00485
171,2009/3/16 21:00,1.1917,-0.0044
171,2009/3/16 22:00,0.99078333,-0.0047
171,2009/3/16 23:00,0.73790002,-0.00485
171,2009/4/16 0:00,0.78100002,-0.004883333
171,2009/4/16 1:00,0.61873335,-0.00495
171,2009/4/16 2:00,0.73774999,-0.004866667
171,2009/4/16 3:00,0.55510002,-0.00495
171,2009/4/16 4:00,0.55656666,-0.005
171,2009/4/16 5:00,0.64408332,-0.0049
171,2009/4/16 6:00,0.63003331,-0.004966667
171,2009/4/16 7:00,0.80316669,0.077166669
171,2009/4/16 8:00,0.74633336,0.23438333
171,2009/4/16 9:00,0.81698334,0.6081
171,2009/4/16 10:00,1.6298,1.6591001
171,2009/4/16 11:00,1.58445,2.1321833
171,2009/4/16 12:00,1.5591834,2.9347334
171,2009/4/16 13:00,1.9005166,3.6011167
171,2009/4/16 14:00,1.7297333,3.7851501
171,2009/4/16 15:00,2.3187332,3.2776167
171,2009/4/16 16:00,2.4031832,2.5168834
171,2009/4/16 17:00,1.9146833,1.9484833
171,2009/4/16 18:00,1.9625,0.42269999
171,2009/4/16 19:00,1.30825,0.13186666
171,2009/4/16 20:00,1.0632833,-0.0053
171,2009/4/16 21:00,1.1555667,-0.0044
171,2009/4/16 22:00,1.3780833,-0.004816667
171,2009/4/16 23:00,1.2110167,-0.00495
171,2009/5/16 0:00,0.76496667,-0.004983333
171,2009/5/16 1:00,0.57929999,-0.005
171,2009/5/16 2:00,0.73760003,-0.005
171,2009/5/16 3:00,0.54343331,-0.005
171,2009/5/16 4:00,0.37958333,-0.005
171,2009/5/16 5:00,0.5255,-0.005
171,2009/5/16 6:00,0.37003332,-0.005
171,2009/5/16 7:00,1.4225833,0.060183335
171,2009/5/16 8:00,0.89756668,0.41511667
171,2009/5/16 9:00,1.2889167,0.88590002
171,2009/5/16 10:00,1.4384667,1.441
171,2009/5/16 11:00,3.9435999,2.3526165
171,2009/5/16 12:00,1.6481667,2.8716834
171,2009/5/16 13:00,1.6024667,3.6993666
171,2009/5/16 14:00,1.7571666,2.3556666
171,2009/5/16 15:00,1.8160167,1.2513167
171,2009/5/16 16:00,1.5565667,0.84654999
171,2009/5/16 17:00,1.0599667,1.00015
171,2009/5/16 18:00,1.18765,1.7141
171,2009/5/16 19:00,1.9533833,0.1653
171,2009/5/16 20:00,1.3760834,-0.005333333
171,2009/5/16 21:00,1.1651833,-0.004333333
171,2009/5/16 22:00,0.68573332,-0.004633334
171,2009/5/16 23:00,0.69620001,-0.004833333
171,2009/6/16 0:00,0.78996664,-0.00485
171,2009/6/16 1:00,0.58039999,-0.00495
171,2009/6/16 2:00,0.55013335,-0.00495
171,2009/6/16 3:00,0.62123334,-0.005
171,2009/6/16 4:00,0.60468334,-0.005
171,2009/6/16 5:00,0.75083333,-0.00485
171,2009/6/16 6:00,0.99448335,-0.00495
171,2009/6/16 7:00,0.58578336,0.039700001
171,2009/6/16 8:00,0.50704998,0.44244999
171,2009/6/16 9:00,0.53183335,0.89956665
171,2009/6/16 10:00,0.75685,1.5001333
171,2009/6/16 11:00,1.0028334,2.0300167
171,2009/6/16 12:00,1.1520166,2.8868999
171,2009/6/16 13:00,1.835,3.0934834
171,2009/6/16 14:00,1.72535,3.6457334
171,2009/6/16 15:00,1.75585,1.5422833
171,2009/6/16 16:00,1.8662,3.3761168
171,2009/6/16 17:00,1.9250833,3.05585
171,2009/6/16 18:00,1.3087667,0.41418332
171,2009/6/16 19:00,1.6884,0.13653333
171,2009/6/16 20:00,1.4655,-0.004616667
171,2009/6/16 21:00,0.80211669,-0.004816667
171,2009/6/16 22:00,0.77385002,-0.0048
171,2009/6/16 23:00,0.92061669,-0.004883333
171,2009/7/16 0:00,0.67898333,-0.00495
171,2009/7/16 1:00,0.74851668,-0.004816667
171,2009/7/16 2:00,0.57028335,-0.0049
171,2009/7/16 3:00,0.58648336,-0.004933334
171,2009/7/16 4:00,0.70706666,-0.004833333
171,2009/7/16 5:00,0.79936665,-0.004616667
171,2009/7/16 6:00,0.86401665,-0.004816667
171,2009/7/16 7:00,0.71608335,0.10595
171,2009/7/16 8:00,0.56185001,0.54734999
171,2009/7/16 9:00,0.81730002,0.94768333
171,2009/7/16 10:00,1.1250833,1.1947167
171,2009/7/16 11:00,1.1061,1.94935
171,2009/7/16 12:00,1.4629834,3.0452666
171,2009/7/16 13:00,1.6652666,3.4891167
171,2009/7/16 14:00,2.2046332,3.4237499
171,2009/7/16 15:00,2.21315,2.9374332
171,2009/7/16 16:00,2.2453001,2.8876834
171,2009/7/16 17:00,2.7206166,3.0678
171,2009/7/16 18:00,2.7203166,1.8885334
171,2009/7/16 19:00,2.8064499,0.22836667
171,2009/7/16 20:00,4.9276667,-0.004016667
171,2009/7/16 21:00,2.0845666,-0.0044
171,2009/7/16 22:00,1.2145333,-0.004583333
171,2009/7/16 23:00,1.0661666,-0.004783333
187,2009/1/16 0:00,2.4248667,-0.000466667
187,2009/1/16 1:00,2.1317,-0.001133333
187,2009/1/16 2:00,1.8328834,-0.002216667
187,2009/1/16 3:00,1.6457167,-0.00245
187,2009/1/16 4:00,1.5571333,-0.002433333
187,2009/1/16 5:00,1.4518666,-0.002516667
187,2009/1/16 6:00,1.9518167,-0.0019
187,2009/1/16 7:00,1.56235,0.042233333
187,2009/1/16 8:00,1.9148667,0.17075001
187,2009/1/16 9:00,2.4379666,0.25366667
187,2009/1/16 10:00,2.3737166,0.55453336
187,2009/1/16 11:00,1.8086667,1.3820666
187,2009/1/16 12:00,2.9372168,2.4677
187,2009/1/16 13:00,3.5424833,2.9067833
187,2009/1/16 14:00,3.1057334,3.3685668
187,2009/1/16 15:00,4.4199667,3.3092
187,2009/1/16 16:00,0.99571669,3.3368499
187,2009/1/16 17:00,2.8016,1.2444
187,2009/1/16 18:00,7.4446335,0.3741
187,2009/1/16 19:00,6.0418668,0.049550001
187,2009/1/16 20:00,5.2794166,-0.005383333
187,2009/1/16 21:00,3.1050501,-0.001516667
187,2009/1/16 22:00,3.0366833,-0.001633333
187,2009/1/16 23:00,2.8098834,-0.00045
187,2009/2/16 0:00,1.9093167,-0.0015
187,2009/2/16 1:00,2.0791667,-0.002083333
187,2009/2/16 2:00,1.5680833,-0.00245
187,2009/2/16 3:00,1.6004167,-0.002466667
187,2009/2/16 4:00,1.7111167,-0.002333333
187,2009/2/16 5:00,0.94528335,-0.002733333
187,2009/2/16 6:00,2.6194999,-0.001716667
187,2009/2/16 7:00,3.8895667,0.035300002
187,2009/2/16 8:00,1.6357501,0.26731667
187,2009/2/16 9:00,1.2871833,0.72100002
187,2009/2/16 10:00,0.87043333,1.2998667
187,2009/2/16 11:00,0.89778334,1.6373
187,2009/2/16 12:00,2.3446,2.2973332
187,2009/2/16 13:00,3.8698332,2.8975334
187,2009/2/16 14:00,3.8270667,1.83955
187,2009/2/16 15:00,5.0085669,3.1059666
187,2009/2/16 16:00,5.8815665,2.7618999
187,2009/2/16 17:00,4.3790336,2.7410834
187,2009/2/16 18:00,5.1785498,1.1149334
187,2009/2/16 19:00,4.1100335,0.073700003
187,2009/2/16 20:00,3.9241834,-0.006333333
187,2009/2/16 21:00,1.3687167,-0.0024
187,2009/2/16 22:00,1.5596,-0.002216667
187,2009/2/16 23:00,2.5092666,-0.000433333
187,2009/3/16 0:00,1.6790333,-0.001933333
187,2009/3/16 1:00,1.3843666,-0.00255
187,2009/3/16 2:00,1.5007833,-0.002466667
187,2009/3/16 3:00,1.4558166,-0.00255
187,2009/3/16 4:00,1.55265,-0.0025
187,2009/3/16 5:00,1.2000667,-0.002733333
187,2009/3/16 6:00,1.2693833,-0.00285
187,2009/3/16 7:00,2.8153334,0.044116668
187,2009/3/16 8:00,2.3748333,0.20501667
187,2009/3/16 9:00,2.2247834,0.30476665
187,2009/3/16 10:00,0.87108332,0.61676669
187,2009/3/16 11:00,0.85925001,1.5473833
187,2009/3/16 12:00,0.90845001,2.4935167
187,2009/3/16 13:00,0.91748333,2.3434334
187,2009/3/16 14:00,1.5039333,2.0628333
187,2009/3/16 15:00,4.7146001,3.6465833
187,2009/3/16 16:00,4.64855,3.38445
187,2009/3/16 17:00,4.5714831,2.8811166
187,2009/3/16 18:00,4.4152665,0.50118333
187,2009/3/16 19:00,4.2282166,0.11095
187,2009/3/16 20:00,4.0995998,-0.005966667
187,2009/3/16 21:00,2.78335,-0.000983333
187,2009/3/16 22:00,3.4331667,-0.00015
187,2009/3/16 23:00,2.5115333,-0.0016
187,2009/4/16 0:00,2.2458,-0.001966667
187,2009/4/16 1:00,1.6538666,-0.002383333
187,2009/4/16 2:00,1.5165666,-0.002516667
187,2009/4/16 3:00,2.2028666,-0.001983333
187,2009/4/16 4:00,1.3693666,-0.0026
187,2009/4/16 5:00,1.7540166,-0.002366667
187,2009/4/16 6:00,1.84035,-0.002783333
187,2009/4/16 7:00,2.3946834,0.038783334
187,2009/4/16 8:00,2.6163332,0.17055
187,2009/4/16 9:00,3.46315,0.35551667
187,2009/4/16 10:00,2.8490334,0.89490002
187,2009/4/16 11:00,3.5037999,1.17565
187,2009/4/16 12:00,2.2551,1.8845333
187,2009/4/16 13:00,2.5921166,2.9140832
187,2009/4/16 14:00,4.6881833,3.3656833
187,2009/4/16 15:00,4.7585001,3.2200832
187,2009/4/16 16:00,6.0655499,2.6688001
187,2009/4/16 17:00,2.0501332,1.6992
187,2009/4/16 18:00,4.3458667,0.4817
187,2009/4/16 19:00,5.3010001,0.12908334
187,2009/4/16 20:00,3.3647168,-0.006833334
187,2009/4/16 21:00,3.2644167,-0.001516667
187,2009/4/16 22:00,2.2319334,-0.002233333
187,2009/4/16 23:00,4.7851334,-0.001016667
187,2009/5/16 0:00,2.2534499,-0.001933333
187,2009/5/16 1:00,2.4148834,-0.0004
187,2009/5/16 2:00,1.8234667,-0.00135
187,2009/5/16 3:00,1.5362834,-0.002433333
187,2009/5/16 4:00,1.5527834,-0.002433333
187,2009/5/16 5:00,1.1927,-0.002733333
187,2009/5/16 6:00,1.8485167,-0.002266667
187,2009/5/16 7:00,2.1020167,0.028183334
187,2009/5/16 8:00,1.8663334,0.3039
187,2009/5/16 9:00,2.0286,0.62088335
187,2009/5/16 10:00,2.0610332,1.0001167
187,2009/5/16 11:00,2.2993166,1.70935
187,2009/5/16 12:00,3.0439334,2.3952
187,2009/5/16 13:00,4.9117498,2.8369834
187,2009/5/16 14:00,4.6148,2.2375
187,2009/5/16 15:00,5.5672998,1.1931167
187,2009/5/16 16:00,3.6823332,0.63249999
187,2009/5/16 17:00,3.2030499,0.80053335
187,2009/5/16 18:00,4.2629166,1.5772834
187,2009/5/16 19:00,4.3431001,0.26803333
187,2009/5/16 20:00,2.8259666,-0.007383334
187,2009/5/16 21:00,1.8400667,-0.002816667
187,2009/5/16 22:00,2.1675668,-0.001116667
187,2009/5/16 23:00,2.2860167,-0.00085
187,2009/6/16 0:00,1.6686,-0.002233333
187,2009/6/16 1:00,1.6126833,-0.0025
187,2009/6/16 2:00,1.7890333,-0.00235
187,2009/6/16 3:00,0.94933331,-0.00295
187,2009/6/16 4:00,1.54125,-0.002533333
187,2009/6/16 5:00,1.5238833,-0.002483333
187,2009/6/16 6:00,2.1000166,-0.002066667
187,2009/6/16 7:00,1.7165166,0.013733333
187,2009/6/16 8:00,1.7733333,0.30700001
187,2009/6/16 9:00,1.7884333,0.61478335
187,2009/6/16 10:00,1.7156667,0.93703336
187,2009/6/16 11:00,2.0130832,1.3935833
187,2009/6/16 12:00,2.3405499,2.3324666
187,2009/6/16 13:00,2.8450832,2.9181499
187,2009/6/16 14:00,3.2237334,2.8469
187,2009/6/16 15:00,2.6160166,1.31515
187,2009/6/16 16:00,3.826,2.6374166
187,2009/6/16 17:00,4.3559499,2.8250501
187,2009/6/16 18:00,4.5628667,0.60025001
187,2009/6/16 19:00,4.4360499,0.23608333
187,2009/6/16 20:00,3.4330666,-0.00375
187,2009/6/16 21:00,1.83955,-0.00245
187,2009/6/16 22:00,2.0232167,-0.002283333
187,2009/6/16 23:00,1.57645,-0.00245
187,2009/7/16 0:00,2.1108501,-0.000983333
187,2009/7/16 1:00,1.9850334,-0.001116667
187,2009/7/16 2:00,1.6487833,-0.00225
187,2009/7/16 3:00,1.5665833,-0.002483333
187,2009/7/16 4:00,1.5727,-0.002466667
187,2009/7/16 5:00,1.7543167,-0.00235
187,2009/7/16 6:00,2.1972499,-0.002533333
187,2009/7/16 7:00,2.3067834,0.046366666
187,2009/7/16 8:00,3.9192166,0.36221668
187,2009/7/16 9:00,3.0965667,0.62888336
187,2009/7/16 10:00,4.2048502,0.95709997
187,2009/7/16 11:00,2.3860333,1.3490334
187,2009/7/16 12:00,2.8673832,2.3325
187,2009/7/16 13:00,2.8904333,2.6527667
187,2009/7/16 14:00,2.5771501,3.0476999
187,2009/7/16 15:00,4.2786832,2.3247166
187,2009/7/16 16:00,0.91116667,2.7928834
187,2009/7/16 17:00,1.67975,2.5666499
187,2009/7/16 18:00,4.6045666,2.0007
187,2009/7/16 19:00,4.3938165,0.38353333
187,2009/7/16 20:00,4.0844336,-0.003066667
187,2009/7/16 21:00,3.2998166,-0.0015
187,2009/7/16 22:00,3.2071834,-0.001233333
187,2009/7/16 23:00,2.1985667,-0.002016667
252,2009/1/16 0:00,1.27205,-0.005316667
252,2009/1/16 1:00,1.0156667,-0.00465
252,2009/1/16 2:00,0.90095001,-0.004666667
252,2009/1/16 3:00,0.94113332,-0.0046
252,2009/1/16 4:00,1.8406167,-0.005566667
252,2009/1/16 5:00,1.7359834,-0.005116667
252,2009/1/16 6:00,1.9493834,-0.005566667
252,2009/1/16 7:00,3.1145666,0.052033335
252,2009/1/16 8:00,3.4763668,0.25920001
252,2009/1/16 9:00,3.4125834,0.98701668
252,2009/1/16 10:00,6.3374,1.8979666
252,2009/1/16 11:00,5.9099998,2.4318333
252,2009/1/16 12:00,6.6707835,3.1652501
252,2009/1/16 13:00,6.4304166,3.2314999
252,2009/1/16 14:00,4.16225,3.6187501
252,2009/1/16 15:00,4.4351168,3.1065834
252,2009/1/16 16:00,5.9621668,2.8561332
252,2009/1/16 17:00,6.0440831,1.0765667
252,2009/1/16 18:00,5.1294665,0.35578334
252,2009/1/16 19:00,4.9091501,0.037833333
252,2009/1/16 20:00,6.6100998,-0.011766667
252,2009/1/16 21:00,6.3053002,-0.0062
252,2009/1/16 22:00,5.2023501,-0.006783333
252,2009/1/16 23:00,3.0791166,-0.006333333
252,2009/2/16 0:00,2.6225333,-0.006116667
252,2009/2/16 1:00,2.8187168,-0.006083333
252,2009/2/16 2:00,2.8839333,-0.006416667
252,2009/2/16 3:00,2.7632999,-0.0062
252,2009/2/16 4:00,2.4011667,-0.00585
252,2009/2/16 5:00,2.2852833,-0.005616667
252,2009/2/16 6:00,2.1015,-0.005566667
252,2009/2/16 7:00,2.1768999,0.037216667
252,2009/2/16 8:00,2.1292334,0.31735
252,2009/2/16 9:00,1.8268501,0.90993333
252,2009/2/16 10:00,1.6795833,1.49095
252,2009/2/16 11:00,1.98195,2.7830501
252,2009/2/16 12:00,2.7029667,3.2129667
252,2009/2/16 13:00,4.1559501,3.31615
252,2009/2/16 14:00,4.4372668,1.8438833
252,2009/2/16 15:00,1.2693,2.85375
252,2009/2/16 16:00,3.6128333,2.1966834
252,2009/2/16 17:00,6.6853833,2.0110834
252,2009/2/16 18:00,5.2648001,0.75216669
252,2009/2/16 19:00,3.5926166,0.046166666
252,2009/2/16 20:00,3.1447501,-0.0103
252,2009/2/16 21:00,3.42065,-0.004083334
252,2009/2/16 22:00,2.4588499,-0.004633334
252,2009/2/16 23:00,3.2992833,-0.00685
252,2009/3/16 0:00,2.9065666,-0.0064
252,2009/3/16 1:00,2.2507834,-0.005233333
252,2009/3/16 2:00,1.9292166,-0.004733333
252,2009/3/16 3:00,1.8205333,-0.004616667
252,2009/3/16 4:00,2.1185,-0.004883333
252,2009/3/16 5:00,2.1981666,-0.005
252,2009/3/16 6:00,1.8531667,-0.0046
252,2009/3/16 7:00,1.9816667,0.060866665
252,2009/3/16 8:00,1.74195,0.31985
252,2009/3/16 9:00,2.8090668,0.98966664
252,2009/3/16 10:00,3.2390833,1.8804166
252,2009/3/16 11:00,5.3038836,2.5479667
252,2009/3/16 12:00,4.8214002,3.1634166
252,2009/3/16 13:00,3.2832668,2.9452167
252,2009/3/16 14:00,4.1754999,2.1022999
252,2009/3/16 15:00,3.8171999,3.4373167
252,2009/3/16 16:00,6.5446668,2.8970168
252,2009/3/16 17:00,4.3201666,2.2155499
252,2009/3/16 18:00,5.0451832,0.44338334
252,2009/3/16 19:00,4.6741166,0.058783334
252,2009/3/16 20:00,3.36025,-0.01005
252,2009/3/16 21:00,5.006,-0.006616666
252,2009/3/16 22:00,5.5888333,-0.007583333
252,2009/3/16 23:00,5.0381498,-0.0089
252,2009/4/16 0:00,2.6356168,-0.006333333
252,2009/4/16 1:00,2.5415332,-0.006733333
252,2009/4/16 2:00,3.2253168,-0.007950001
252,2009/4/16 3:00,2.4425166,-0.0064
252,2009/4/16 4:00,2.2115333,-0.006133333
252,2009/4/16 5:00,2.2843666,-0.006083333
252,2009/4/16 6:00,2.2164333,-0.006233333
252,2009/4/16 7:00,2.3657167,0.047850002
252,2009/4/16 8:00,2.1724501,0.24898334
252,2009/4/16 9:00,3.3741,0.96700001
252,2009/4/16 10:00,3.3492334,1.9452167
252,2009/4/16 11:00,6.2985835,2.4480333
252,2009/4/16 12:00,6.4071169,2.6047168
252,2009/4/16 13:00,4.8148832,3.4065001
252,2009/4/16 14:00,2.5053501,3.2860167
252,2009/4/16 15:00,4.2539001,3.0768001
252,2009/4/16 16:00,6.1711831,2.20525
252,2009/4/16 17:00,6.6973,1.3503833
252,2009/4/16 18:00,5.86445,0.42618334
252,2009/4/16 19:00,4.7330999,0.13755
252,2009/4/16 20:00,4.3011332,-0.010933333
252,2009/4/16 21:00,4.6697502,-0.005116667
252,2009/4/16 22:00,3.9784167,-0.0051
252,2009/4/16 23:00,4.2020998,-0.005516667
252,2009/5/16 0:00,2.8108833,-0.004866667
252,2009/5/16 1:00,2.63835,-0.004933334
252,2009/5/16 2:00,3.3973668,-0.006433333
252,2009/5/16 3:00,2.9143333,-0.00575
252,2009/5/16 4:00,2.6400499,-0.005233333
252,2009/5/16 5:00,2.5214,-0.0048
252,2009/5/16 6:00,2.4588833,-0.00495
252,2009/5/16 7:00,2.5189834,0.029033333
252,2009/5/16 8:00,2.8443501,0.30076668
252,2009/5/16 9:00,3.2684166,0.69363332
252,2009/5/16 10:00,3.4054832,1.2661834
252,2009/5/16 11:00,3.9523168,2.4254999
252,2009/5/16 12:00,6.8186998,2.7772667
252,2009/5/16 13:00,5.6977,3.4490833
252,2009/5/16 14:00,4.3473835,2.1869833
252,2009/5/16 15:00,3.4790168,1.3126167
252,2009/5/16 16:00,4.1691833,0.63260001
252,2009/5/16 17:00,6.7401333,0.75946665
252,2009/5/16 18:00,5.7089334,1.0219001
252,2009/5/16 19:00,4.5735502,0.15186666
252,2009/5/16 20:00,3.8254001,-0.009483334
252,2009/5/16 21:00,3.2700334,-0.00485
252,2009/5/16 22:00,3.1222501,-0.004616667
252,2009/5/16 23:00,2.8626833,-0.005466667
252,2009/6/16 0:00,3.1714499,-0.00575
252,2009/6/16 1:00,3.0432,-0.0062
252,2009/6/16 2:00,2.9207335,-0.005016667
252,2009/6/16 3:00,2.4540834,-0.00485
252,2009/6/16 4:00,2.0700333,-0.003966667
252,2009/6/16 5:00,2.2086,-0.004516667
252,2009/6/16 6:00,2.6467333,-0.003833333
252,2009/6/16 7:00,3.6115501,0.015366667
252,2009/6/16 8:00,3.1521168,0.33131668
252,2009/6/16 9:00,5.2476835,0.81503332
252,2009/6/16 10:00,3.92805,1.72575
252,2009/6/16 11:00,3.1268334,2.10215
252,2009/6/16 12:00,3.6113334,2.8120334
252,2009/6/16 13:00,3.7405667,3.2883501
252,2009/6/16 14:00,3.4884334,3.0249
252,2009/6/16 15:00,4.6445165,1.4332666
252,2009/6/16 16:00,2.5313168,2.5232999
252,2009/6/16 17:00,4.2106833,2.0857334
252,2009/6/16 18:00,4.9675999,0.41548333
252,2009/6/16 19:00,4.7577167,0.16005
252,2009/6/16 20:00,4.7843332,-0.00895
252,2009/6/16 21:00,4.1261334,-0.005883333
252,2009/6/16 22:00,3.8040333,-0.0052
252,2009/6/16 23:00,3.6309333,-0.005016667
252,2009/7/16 0:00,3.23335,-0.005
252,2009/7/16 1:00,3.3017166,-0.004883333
252,2009/7/16 2:00,3.1873,-0.004733333
252,2009/7/16 3:00,3.14855,-0.004933334
252,2009/7/16 4:00,3.0892832,-0.0045
252,2009/7/16 5:00,2.9630167,-0.004616667
252,2009/7/16 6:00,3.2051833,-0.0043
252,2009/7/16 7:00,3.3406,0.057950001
252,2009/7/16 8:00,2.7821834,0.45423332
252,2009/7/16 9:00,1.91395,1.0655
252,2009/7/16 10:00,2.7237167,1.4558001
252,2009/7/16 11:00,3.1713667,1.8895833
252,2009/7/16 12:00,3.5127332,3.122
252,2009/7/16 13:00,3.3871,2.84725
252,2009/7/16 14:00,4.5236335,3.19595
252,2009/7/16 15:00,2.5623667,2.4845166
252,2009/7/16 16:00,4.7535834,2.4691167
252,2009/7/16 17:00,4.4139166,1.9152167
252,2009/7/16 18:00,5.1638665,1.1299666
252,2009/7/16 19:00,4.05445,0.17288333
252,2009/7/16 20:00,4.8974667,-0.008
252,2009/7/16 21:00,4.4073167,-0.006033334
252,2009/7/16 22:00,3.5294499,-0.004916667
252,2009/7/16 23:00,3.5417666,-0.0061
370,2009/1/16 0:00,1.3336333,-0.00985
370,2009/1/16 1:00,1.0177667,-0.009433334
370,2009/1/16 2:00,0.93096668,-0.009583334
370,2009/1/16 3:00,0.96335,-0.009433334
370,2009/1/16 4:00,1.0579667,-0.009733333
370,2009/1/16 5:00,0.90538335,-0.009766666
370,2009/1/16 6:00,1.26885,-0.008
370,2009/1/16 7:00,1.02285,0.018166667
370,2009/1/16 8:00,1.0666833,0.14113334
370,2009/1/16 9:00,1.3073833,0.29033333
370,2009/1/16 10:00,1.6795833,1.0144
370,2009/1/16 11:00,2.1717501,2.1704333
370,2009/1/16 12:00,2.6149166,3.0285332
370,2009/1/16 13:00,3.2488334,3.1186666
370,2009/1/16 14:00,3.4138167,3.6386833
370,2009/1/16 15:00,2.5943334,3.1704834
370,2009/1/16 16:00,2.3526165,2.9412501
370,2009/1/16 17:00,2.5589666,1.0909667
370,2009/1/16 18:00,2.4729834,0.33405
370,2009/1/16 19:00,5.1333332,0.029133333
370,2009/1/16 20:00,4.9775834,-0.012333333
370,2009/1/16 21:00,2.3528833,-0.010033334
370,2009/1/16 22:00,1.8805166,-0.009983334
370,2009/1/16 23:00,1.2444167,-0.009983334
370,2009/2/16 0:00,1.30935,-0.009016667
370,2009/2/16 1:00,1.1737167,-0.009600001
370,2009/2/16 2:00,1.0166,-0.0097
370,2009/2/16 3:00,0.97523332,-0.0097
370,2009/2/16 4:00,0.94548333,-0.00965
370,2009/2/16 5:00,1.0013334,-0.0097
370,2009/2/16 6:00,0.92210001,-0.00945
370,2009/2/16 7:00,0.84946668,0.011166667
370,2009/2/16 8:00,1.1361001,0.23985
370,2009/2/16 9:00,1.1703666,0.73860002
370,2009/2/16 10:00,1.61535,1.31555
370,2009/2/16 11:00,1.64645,2.5818999
370,2009/2/16 12:00,2.04145,3.1039
370,2009/2/16 13:00,1.9020833,3.30655
370,2009/2/16 14:00,1.8711667,1.5559
370,2009/2/16 15:00,1.7248334,2.8749332
370,2009/2/16 16:00,1.8386166,2.1185999
370,2009/2/16 17:00,2.6582999,2.0345333
370,2009/2/16 18:00,2.7478166,0.7902
370,2009/2/16 19:00,2.25685,0.031583332
370,2009/2/16 20:00,2.0819333,-0.008
370,2009/2/16 21:00,2.0028334,-0.00745
370,2009/2/16 22:00,1.7037166,-0.00845
370,2009/2/16 23:00,1.03715,-0.009866667
370,2009/3/16 0:00,0.93018335,-0.009766666
370,2009/3/16 1:00,0.92703331,-0.0099
370,2009/3/16 2:00,0.93608332,-0.010183333
370,2009/3/16 3:00,0.82796669,-0.010283333
370,2009/3/16 4:00,0.9555167,-0.0102
370,2009/3/16 5:00,0.87314999,-0.0101
370,2009/3/16 6:00,0.84018332,-0.009933333
370,2009/3/16 7:00,0.75243336,0.0218
370,2009/3/16 8:00,0.95808333,0.18791667
370,2009/3/16 9:00,1.05135,0.3511
370,2009/3/16 10:00,1.3401667,1.0443166
370,2009/3/16 11:00,1.1679833,2.28265
370,2009/3/16 12:00,1.4437333,3.1531501
370,2009/3/16 13:00,2.5973001,3.1160166
370,2009/3/16 14:00,3.7307501,2.5536168
370,2009/3/16 15:00,6.1288834,3.5037832
370,2009/3/16 16:00,5.8669167,2.9984167
370,2009/3/16 17:00,1.6638833,2.3099999
370,2009/3/16 18:00,1.41905,0.42266667
370,2009/3/16 19:00,1.3934333,0.044766668
370,2009/3/16 20:00,4.1059332,-0.013583333
370,2009/3/16 21:00,5.2242165,-0.013566666
370,2009/3/16 22:00,4.0341668,-0.010633334
370,2009/3/16 23:00,1.42925,-0.008066666
370,2009/4/16 0:00,1.0639167,-0.009516667
370,2009/4/16 1:00,1.0739666,-0.009716666
370,2009/4/16 2:00,0.88638335,-0.0094
370,2009/4/16 3:00,0.87398332,-0.009666666
370,2009/4/16 4:00,0.94386667,-0.009933333
370,2009/4/16 5:00,0.84838331,-0.009966667
370,2009/4/16 6:00,0.92621666,-0.008883334
370,2009/4/16 7:00,1.09105,0.014933334
370,2009/4/16 8:00,0.87656665,0.13646667
370,2009/4/16 9:00,0.97518331,0.39121667
370,2009/4/16 10:00,1.18625,1.3663167
370,2009/4/16 11:00,1.6540333,2.2845333
370,2009/4/16 12:00,2.0732999,2.5659001
370,2009/4/16 13:00,2.4641666,3.4361
370,2009/4/16 14:00,2.5847666,3.1957834
370,2009/4/16 15:00,2.9872334,3.0878501
370,2009/4/16 16:00,3.0352833,2.0822334
370,2009/4/16 17:00,5.7261667,1.36165
370,2009/4/16 18:00,2.0813668,0.39649999
370,2009/4/16 19:00,1.36375,0.1126
370,2009/4/16 20:00,4.0988998,-0.010433333
370,2009/4/16 21:00,5.4720168,-0.01075
370,2009/4/16 22:00,5.1272831,-0.011
370,2009/4/16 23:00,2.0056667,-0.0077
370,2009/5/16 0:00,1.7210667,-0.006933333
370,2009/5/16 1:00,1.1882,-0.0095
370,2009/5/16 2:00,0.96923333,-0.009416667
370,2009/5/16 3:00,0.86444998,-0.009333333
370,2009/5/16 4:00,0.85823333,-0.009333333
370,2009/5/16 5:00,0.89886665,-0.009616667
370,2009/5/16 6:00,0.76310003,-0.009266667
370,2009/5/16 7:00,0.74515003,0.0076
370,2009/5/16 8:00,1.0844001,0.22239999
370,2009/5/16 9:00,1.4961333,0.65885001
370,2009/5/16 10:00,1.8193166,1.1349833
370,2009/5/16 11:00,2.3074999,2.2765167
370,2009/5/16 12:00,2.7967668,2.6901
370,2009/5/16 13:00,2.0492001,3.4031501
370,2009/5/16 14:00,2.4950833,2.1613834
370,2009/5/16 15:00,2.3026166,1.3391
370,2009/5/16 16:00,2.2452834,0.60368335
370,2009/5/16 17:00,2.1637001,0.73426664
370,2009/5/16 18:00,2.2456667,1.1008333
370,2009/5/16 19:00,2.10355,0.1236
370,2009/5/16 20:00,2.4605334,-0.011633334
370,2009/5/16 21:00,1.8751833,-0.00785
370,2009/5/16 22:00,1.7066166,-0.008166667
370,2009/5/16 23:00,1.4798833,-0.0081
370,2009/6/16 0:00,1.2514666,-0.008516667
370,2009/6/16 1:00,0.99883336,-0.009366667
370,2009/6/16 2:00,0.90324998,-0.009616667
370,2009/6/16 3:00,0.80743331,-0.009583334
370,2009/6/16 4:00,0.92341667,-0.0095
370,2009/6/16 5:00,0.80953336,-0.0095
370,2009/6/16 6:00,0.9023,-0.008466667
370,2009/6/16 7:00,1.2095,-0.000166667
370,2009/6/16 8:00,1.1753167,0.29376668
370,2009/6/16 9:00,1.2143167,0.63328332
370,2009/6/16 10:00,3.3761499,1.3421167
370,2009/6/16 11:00,4.9077668,1.9768167
370,2009/6/16 12:00,5.8692832,2.7362833
370,2009/6/16 13:00,3.6607833,3.0921834
370,2009/6/16 14:00,2.3554168,2.9919333
370,2009/6/16 15:00,2.8698332,1.4218
370,2009/6/16 16:00,2.1774833,2.6395667
370,2009/6/16 17:00,3.2042,2.1976333
370,2009/6/16 18:00,3.30515,0.40066665
370,2009/6/16 19:00,1.9339,0.13863334
370,2009/6/16 20:00,1.6221334,-0.00895
370,2009/6/16 21:00,5.0708499,-0.011866666
370,2009/6/16 22:00,2.4426501,-0.009316667
370,2009/6/16 23:00,1.4752166,-0.008416667
370,2009/7/16 0:00,1.40315,-0.008683333
370,2009/7/16 1:00,1.18135,-0.009083333
370,2009/7/16 2:00,0.94356668,-0.00965
370,2009/7/16 3:00,0.89083332,-0.009433334
370,2009/7/16 4:00,0.81963331,-0.0092
370,2009/7/16 5:00,0.87274998,-0.009283333
370,2009/7/16 6:00,1.2025833,-0.00755
370,2009/7/16 7:00,1.0318167,0.033133332
370,2009/7/16 8:00,1.0385,0.37998334
370,2009/7/16 9:00,1.0585166,0.72558331
370,2009/7/16 10:00,1.2710667,1.1327667
370,2009/7/16 11:00,1.5029,1.6551833
370,2009/7/16 12:00,1.2951,2.9679999
370,2009/7/16 13:00,1.4494833,2.8208001
370,2009/7/16 14:00,2.1993501,3.3051667
370,2009/7/16 15:00,2.3728666,2.4875166
370,2009/7/16 16:00,2.4113667,2.6278167
370,2009/7/16 17:00,2.3760166,2.0525334
370,2009/7/16 18:00,2.2669833,1.1956167
370,2009/7/16 19:00,2.22105,0.12536667
370,2009/7/16 20:00,2.5230834,-0.009050001
370,2009/7/16 21:00,2.20385,-0.009516667
370,2009/7/16 22:00,2.8132999,-0.010666667
370,2009/7/16 23:00,4.7666831,-0.01375
545,2009/1/16 0:00,3.1430166,0.00345
545,2009/1/16 1:00,2.0576668,0.001383333
545,2009/1/16 2:00,1.6368999,0.000266667
545,2009/1/16 3:00,1.8552166,0.000266667
545,2009/1/16 4:00,1.5305166,-0.000483333
545,2009/1/16 5:00,1.9413667,0.001216667
545,2009/1/16 6:00,1.5361333,0.000133333
545,2009/1/16 7:00,1.53185,0.030366667
545,2009/1/16 8:00,1.5177,0.22093333
545,2009/1/16 9:00,2.0121667,0.57988334
545,2009/1/16 10:00,3.6070001,1.0916834
545,2009/1/16 11:00,4.6322165,1.5280666
545,2009/1/16 12:00,4.7484999,1.9982834
545,2009/1/16 13:00,4.8593335,2.0102668
545,2009/1/16 14:00,4.7571502,2.2811
545,2009/1/16 15:00,4.4829502,1.9585
545,2009/1/16 16:00,4.2174835,1.7381001
545,2009/1/16 17:00,3.9423499,0.65893334
545,2009/1/16 18:00,3.4132667,0.21506667
545,2009/1/16 19:00,2.6775167,0.025866667
545,2009/1/16 20:00,3.4764333,0.002566667
545,2009/1/16 21:00,2.96315,0.005066667
545,2009/1/16 22:00,2.3913667,0.00235
545,2009/1/16 23:00,1.9373167,0.001
545,2009/2/16 0:00,2.096,0.001916667
545,2009/2/16 1:00,1.6826333,0.000533333
545,2009/2/16 2:00,1.5983334,6.67E-05
545,2009/2/16 3:00,1.3695834,-3.33E-05
545,2009/2/16 4:00,1.5233166,0.00025
545,2009/2/16 5:00,1.5524499,-0.000233333
545,2009/2/16 6:00,1.6171833,0.00055
545,2009/2/16 7:00,1.6520667,0.021616668
545,2009/2/16 8:00,1.4952,0.17746666
545,2009/2/16 9:00,1.5252833,0.52198333
545,2009/2/16 10:00,1.82855,0.87606668
545,2009/2/16 11:00,2.3772166,1.7118666
545,2009/2/16 12:00,3.9073334,2.0216334
545,2009/2/16 13:00,3.9264166,2.0775001
545,2009/2/16 14:00,3.3583667,1.0613166
545,2009/2/16 15:00,3.54985,1.63915
545,2009/2/16 16:00,4.0498834,1.2210333
545,2009/2/16 17:00,4.5707664,1.2185167
545,2009/2/16 18:00,2.8731666,0.52225
545,2009/2/16 19:00,2.6054666,0.0339
545,2009/2/16 20:00,2.6768167,-0.000833333
545,2009/2/16 21:00,3.0362666,0.004516667
545,2009/2/16 22:00,3.1730666,0.005483334
545,2009/2/16 23:00,2.2916501,0.002283333
545,2009/3/16 0:00,1.6373667,-0.000166667
545,2009/3/16 1:00,1.4304,-1.00E-04
545,2009/3/16 2:00,1.4301667,-5.00E-05
545,2009/3/16 3:00,1.3394667,-0.000716667
545,2009/3/16 4:00,1.3555167,-0.000666667
545,2009/3/16 5:00,1.2467333,-0.000316667
545,2009/3/16 6:00,1.2832167,-0.000533333
545,2009/3/16 7:00,1.5196167,0.034150001
545,2009/3/16 8:00,1.6565,0.24531667
545,2009/3/16 9:00,1.7857667,0.59818333
545,2009/3/16 10:00,2.5198333,1.0894333
545,2009/3/16 11:00,2.5037668,1.59805
545,2009/3/16 12:00,3.5451834,1.9133333
545,2009/3/16 13:00,3.6124167,1.96025
545,2009/3/16 14:00,2.9908333,1.4453833
545,2009/3/16 15:00,3.7247167,2.1786499
545,2009/3/16 16:00,3.2847333,1.8262833
545,2009/3/16 17:00,3.7693501,1.3839166
545,2009/3/16 18:00,4.2981501,0.29196668
545,2009/3/16 19:00,3.7458832,0.053266667
545,2009/3/16 20:00,3.9637334,0.008516667
545,2009/3/16 21:00,4.5214334,0.009866667
545,2009/3/16 22:00,2.9185667,0.004583333
545,2009/3/16 23:00,2.2194333,0.00205
545,2009/4/16 0:00,1.8416834,0.00105
545,2009/4/16 1:00,1.8883667,0.000916667
545,2009/4/16 2:00,1.59305,0.000366667
545,2009/4/16 3:00,1.3004167,-5.00E-05
545,2009/4/16 4:00,1.3896333,-0.000416667
545,2009/4/16 5:00,1.3841166,-0.00025
545,2009/4/16 6:00,1.2987666,-0.000166667
545,2009/4/16 7:00,1.6039833,0.028583333
545,2009/4/16 8:00,1.4525501,0.22241667
545,2009/4/16 9:00,1.6682667,0.60071665
545,2009/4/16 10:00,1.8307834,1.2009166
545,2009/4/16 11:00,3.3069999,1.5666667
545,2009/4/16 12:00,5.3805165,1.6320833
545,2009/4/16 13:00,2.9433668,2.1184332
545,2009/4/16 14:00,4.4254665,2.0069168
545,2009/4/16 15:00,4.1471834,1.99015
545,2009/4/16 16:00,3.5578499,1.2303333
545,2009/4/16 17:00,4.1106668,0.83826667
545,2009/4/16 18:00,4.4086833,0.25831667
545,2009/4/16 19:00,3.6956501,0.0867
545,2009/4/16 20:00,2.8005834,0.000266667
545,2009/4/16 21:00,2.8476667,0.004316667
545,2009/4/16 22:00,2.10285,0.002
545,2009/4/16 23:00,1.9621834,0.000766667
545,2009/5/16 0:00,1.61335,6.67E-05
545,2009/5/16 1:00,1.4213001,-0.000316667
545,2009/5/16 2:00,1.4085333,-0.000466667
545,2009/5/16 3:00,1.3784167,-0.000366667
545,2009/5/16 4:00,1.3118,-0.000716667
545,2009/5/16 5:00,1.2293333,-0.00065
545,2009/5/16 6:00,1.44795,3.33E-05
545,2009/5/16 7:00,1.5999,0.0185
545,2009/5/16 8:00,1.5018834,0.14581667
545,2009/5/16 9:00,2.0568833,0.43823335
545,2009/5/16 10:00,2.6847668,0.78845
545,2009/5/16 11:00,2.7105,1.4999
545,2009/5/16 12:00,3.3113334,1.7097501
545,2009/5/16 13:00,3.9071,2.1634166
545,2009/5/16 14:00,2.8259168,1.3465667
545,2009/5/16 15:00,3.839,0.86565
545,2009/5/16 16:00,2.5555334,0.37643334
545,2009/5/16 17:00,2.5911667,0.45691666
545,2009/5/16 18:00,3.1845167,0.68725002
545,2009/5/16 19:00,2.40345,0.10005
545,2009/5/16 20:00,2.3085334,-0.001033333
545,2009/5/16 21:00,2.4926333,0.00235
545,2009/5/16 22:00,1.8785,0.0018
545,2009/5/16 23:00,1.56855,0.0005
545,2009/6/16 0:00,1.6064,-0.000116667
545,2009/6/16 1:00,1.3159333,-0.000516667
545,2009/6/16 2:00,1.5653334,0.000333333
545,2009/6/16 3:00,1.3738,-0.000433333
545,2009/6/16 4:00,1.3009167,-0.000733333
545,2009/6/16 5:00,1.11545,-0.0009
545,2009/6/16 6:00,1.1063666,-0.00095
545,2009/6/16 7:00,1.3125666,0.00885
545,2009/6/16 8:00,1.2104,0.19850001
545,2009/6/16 9:00,1.5650667,0.47026667
545,2009/6/16 10:00,3.5356834,1.12195
545,2009/6/16 11:00,4.4147167,1.3291167
545,2009/6/16 12:00,3.6524167,1.7423
545,2009/6/16 13:00,4.3285165,2.0030501
545,2009/6/16 14:00,4.2178669,1.8654833
545,2009/6/16 15:00,3.36465,0.89120001
545,2009/6/16 16:00,4.4524331,1.6014167
545,2009/6/16 17:00,5.1174998,1.3668
545,2009/6/16 18:00,4.6088667,0.28838333
545,2009/6/16 19:00,3.7065001,0.11211666
545,2009/6/16 20:00,3.0541167,0.004066667
545,2009/6/16 21:00,2.8038332,0.003983333
545,2009/6/16 22:00,2.0705333,0.001733333
545,2009/6/16 23:00,1.9904333,0.00085
545,2009/7/16 0:00,1.6887667,0.000233333
545,2009/7/16 1:00,1.6212333,-0.000333333
545,2009/7/16 2:00,1.363,-0.000766667
545,2009/7/16 3:00,1.4791,-0.00015
545,2009/7/16 4:00,1.598,-0.000266667
545,2009/7/16 5:00,1.6117166,-0.00025
545,2009/7/16 6:00,1.4471999,6.67E-05
545,2009/7/16 7:00,1.7818834,0.037
545,2009/7/16 8:00,2.0965667,0.28218332
545,2009/7/16 9:00,2.6383834,0.63988334
545,2009/7/16 10:00,4.0240502,0.85785002
545,2009/7/16 11:00,4.2081666,1.1208833
545,2009/7/16 12:00,3.7953501,1.9003667
545,2009/7/16 13:00,3.8311334,1.8552667
545,2009/7/16 14:00,3.5075333,2.0931334
545,2009/7/16 15:00,4.4649501,1.6069833
545,2009/7/16 16:00,3.9537666,1.5855
545,2009/7/16 17:00,4.0494666,1.2714167
545,2009/7/16 18:00,3.2582166,0.78798336
545,2009/7/16 19:00,4.0220833,0.13575
545,2009/7/16 20:00,3.2123666,0.004166667
545,2009/7/16 21:00,3.02075,0.0047
545,2009/7/16 22:00,2.1127,0.002033333
545,2009/7/16 23:00,1.8263667,0.000583333
585,2009/1/16 0:00,1.0491834,-0.006783333
585,2009/1/16 1:00,0.91063333,-0.006633333
585,2009/1/16 2:00,0.88956666,-0.006766667
585,2009/1/16 3:00,0.84125,-0.0067
585,2009/1/16 4:00,0.83475,-0.0067
585,2009/1/16 5:00,0.59111667,-0.006383333
585,2009/1/16 6:00,0.89556664,-0.006733333
585,2009/1/16 7:00,1.114,0.031083334
585,2009/1/16 8:00,1.0579,0.15584999
585,2009/1/16 9:00,1.348,0.31075001
585,2009/1/16 10:00,1.6908166,1.0246167
585,2009/1/16 11:00,2.4078166,1.72495
585,2009/1/16 12:00,3.4926,2.5910666
585,2009/1/16 13:00,3.5257833,2.8983333
585,2009/1/16 14:00,2.2027166,3.3002999
585,2009/1/16 15:00,2.3503168,3.0770667
585,2009/1/16 16:00,2.4260666,3.0304501
585,2009/1/16 17:00,3.7808166,1.1545334
585,2009/1/16 18:00,3.1235332,0.34825
585,2009/1/16 19:00,2.2083166,0.041549999
585,2009/1/16 20:00,2.0663667,-0.007433333
585,2009/1/16 21:00,1.6919333,-0.007166666
585,2009/1/16 22:00,1.1764166,-0.006833334
585,2009/1/16 23:00,1.0743667,-0.006783333
585,2009/2/16 0:00,1.0068166,-0.006783333
585,2009/2/16 1:00,0.91613334,-0.006666667
585,2009/2/16 2:00,0.8815167,-0.0068
585,2009/2/16 3:00,0.60995001,-0.006666667
585,2009/2/16 4:00,0.78224999,-0.0068
585,2009/2/16 5:00,0.65213335,-0.0067
585,2009/2/16 6:00,0.98516667,-0.007
585,2009/2/16 7:00,1.0378166,0.025316667
585,2009/2/16 8:00,1.0032667,0.25510001
585,2009/2/16 9:00,1.0045167,0.71646667
585,2009/2/16 10:00,1.1759833,1.3025833
585,2009/2/16 11:00,1.7522833,1.8595667
585,2009/2/16 12:00,1.8751,2.6047833
585,2009/2/16 13:00,2.2695668,2.8898666
585,2009/2/16 14:00,2.2498333,1.7306499
585,2009/2/16 15:00,2.2969999,2.8924832
585,2009/2/16 16:00,2.3855333,2.5893333
585,2009/2/16 17:00,2.2330666,2.3675666
585,2009/2/16 18:00,2.1410832,0.95706666
585,2009/2/16 19:00,1.8243999,0.045983333
585,2009/2/16 20:00,1.7402333,-0.0072
585,2009/2/16 21:00,1.3718333,-0.00705
585,2009/2/16 22:00,1.02695,-0.00675
585,2009/2/16 23:00,0.93779999,-0.006716667
585,2009/3/16 0:00,0.8961333,-0.006833334
585,2009/3/16 1:00,0.6390667,-0.0066
585,2009/3/16 2:00,0.73151666,-0.006833334
585,2009/3/16 3:00,0.62709999,-0.006766667
585,2009/3/16 4:00,0.78738332,-0.00705
585,2009/3/16 5:00,0.60543334,-0.00685
585,2009/3/16 6:00,0.62591666,-0.006766667
585,2009/3/16 7:00,2.7177,0.03455
585,2009/3/16 8:00,1.5214666,0.1988
585,2009/3/16 9:00,1.3118167,0.36283332
585,2009/3/16 10:00,1.5698167,1.03675
585,2009/3/16 11:00,4.1807165,1.9032834
585,2009/3/16 12:00,3.6121833,2.6885667
585,2009/3/16 13:00,4.47645,2.4195001
585,2009/3/16 14:00,3.1835833,1.9884833
585,2009/3/16 15:00,3.1451833,3.3910501
585,2009/3/16 16:00,5.9510331,3.0883999
585,2009/3/16 17:00,4.5220332,2.5495
585,2009/3/16 18:00,3.4077499,0.45206666
585,2009/3/16 19:00,2.62465,0.056116667
585,2009/3/16 20:00,2.5622001,-0.008283333
585,2009/3/16 21:00,2.6702001,-0.008583333
585,2009/3/16 22:00,1.7131667,-0.007483333
585,2009/3/16 23:00,1.38545,-0.007433333
585,2009/4/16 0:00,1.17035,-0.007033333
585,2009/4/16 1:00,0.91694999,-0.006866667
585,2009/4/16 2:00,0.78933334,-0.00695
585,2009/4/16 3:00,0.95475,-0.007116667
585,2009/4/16 4:00,0.88056666,-0.007083334
585,2009/4/16 5:00,0.68643332,-0.0071
585,2009/4/16 6:00,0.86158335,-0.007166666
585,2009/4/16 7:00,0.84640002,0.028816666
585,2009/4/16 8:00,0.89314997,0.15685
585,2009/4/16 9:00,1.0728667,0.39928332
585,2009/4/16 10:00,1.4699167,1.2269334
585,2009/4/16 11:00,1.7612166,1.6603667
585,2009/4/16 12:00,1.87875,1.9903834
585,2009/4/16 13:00,1.9546,2.9274666
585,2009/4/16 14:00,2.0472333,3.2162499
585,2009/4/16 15:00,2.4900832,3.0265334
585,2009/4/16 16:00,2.6424167,2.4664166
585,2009/4/16 17:00,2.5487666,1.4979
585,2009/4/16 18:00,2.1896501,0.43759999
585,2009/4/16 19:00,2.9589,0.11895
585,2009/4/16 20:00,2.9925001,-0.008066666
585,2009/4/16 21:00,2.19345,-0.007666667
585,2009/4/16 22:00,1.5242667,-0.0073
585,2009/4/16 23:00,1.3196833,-0.007183333
585,2009/5/16 0:00,1.12175,-0.007216667
585,2009/5/16 1:00,1.0459,-0.007066667
585,2009/5/16 2:00,0.80381668,-0.006916667
585,2009/5/16 3:00,0.60500002,-0.006833334
585,2009/5/16 4:00,0.72203332,-0.006933333
585,2009/5/16 5:00,0.67898333,-0.006766667
585,2009/5/16 6:00,0.67288333,-0.0067
585,2009/5/16 7:00,0.76946664,0.022866666
585,2009/5/16 8:00,0.77063334,0.28799999
585,2009/5/16 9:00,1.3024,0.60140002
585,2009/5/16 10:00,1.7412333,1.0176166
585,2009/5/16 11:00,1.7451333,1.9466667
585,2009/5/16 12:00,1.9655833,2.4223666
585,2009/5/16 13:00,1.9703166,2.8506668
585,2009/5/16 14:00,2.3838665,2.1145999
585,2009/5/16 15:00,2.1491499,1.17485
585,2009/5/16 16:00,2.2403166,0.60114998
585,2009/5/16 17:00,2.1622167,0.74613333
585,2009/5/16 18:00,3.444,1.3384167
585,2009/5/16 19:00,3.9520166,0.15513334
585,2009/5/16 20:00,2.9713333,-0.008083333
585,2009/5/16 21:00,2.0550833,-0.0077
585,2009/5/16 22:00,1.9249001,-0.007833334
585,2009/5/16 23:00,1.3452834,-0.007283333
585,2009/6/16 0:00,1.3471,-0.007266667
585,2009/6/16 1:00,0.9097833,-0.006816667
585,2009/6/16 2:00,0.80315,-0.006683333
585,2009/6/16 3:00,0.74129999,-0.006633333
585,2009/6/16 4:00,0.74676669,-0.006683333
585,2009/6/16 5:00,0.58583331,-0.006416667
585,2009/6/16 6:00,0.66659999,-0.006516667
585,2009/6/16 7:00,0.83181667,0.00855
585,2009/6/16 8:00,0.82545,0.29288334
585,2009/6/16 9:00,1.07595,0.63038331
585,2009/6/16 10:00,1.8012333,1.13065
585,2009/6/16 11:00,2.0037501,1.6148666
585,2009/6/16 12:00,1.4862833,2.4344833
585,2009/6/16 13:00,1.8978,2.9162667
585,2009/6/16 14:00,2.1493165,2.74505
585,2009/6/16 15:00,2.2899334,1.2601
585,2009/6/16 16:00,1.9962167,2.4603333
585,2009/6/16 17:00,3.4214666,2.4794166
585,2009/6/16 18:00,4.3305168,0.50615001
585,2009/6/16 19:00,3.4310501,0.16236667
585,2009/6/16 20:00,2.1328332,-0.007516667
585,2009/6/16 21:00,1.65905,-0.007466667
585,2009/6/16 22:00,1.5338833,-0.007316667
585,2009/6/16 23:00,1.2793833,-0.0071
585,2009/7/16 0:00,0.89880002,-0.006866667
585,2009/7/16 1:00,0.86686665,-0.006516667
585,2009/7/16 2:00,1.0392333,-0.006816667
585,2009/7/16 3:00,0.82203335,-0.0066
585,2009/7/16 4:00,0.77296668,-0.006466667
585,2009/7/16 5:00,0.84441668,-0.006533334
585,2009/7/16 6:00,0.80758333,-0.0066
585,2009/7/16 7:00,0.88303334,0.0396
585,2009/7/16 8:00,0.97276664,0.35688335
585,2009/7/16 9:00,1.3539333,0.66018331
585,2009/7/16 10:00,1.1308,1.1039166
585,2009/7/16 11:00,2.7198834,1.48735
585,2009/7/16 12:00,2.7449667,2.4505167
585,2009/7/16 13:00,3.2237167,2.6305168
585,2009/7/16 14:00,2.3362501,2.9813333
585,2009/7/16 15:00,2.5490334,2.2641001
585,2009/7/16 16:00,2.9129333,2.5666168
585,2009/7/16 17:00,2.5841668,2.2431333
585,2009/7/16 18:00,2.2819166,1.6388167
585,2009/7/16 19:00,1.8369334,0.16798334
585,2009/7/16 20:00,1.8654667,-0.007133334
585,2009/7/16 21:00,2.9521334,-0.008733333
585,2009/7/16 22:00,1.5994333,-0.0071
585,2009/7/16 23:00,3.5117333,-0.010016667
624,2009/1/16 0:00,0.85093331,-0.017216668
624,2009/1/16 1:00,0.61535001,-0.016650001
624,2009/1/16 2:00,0.68110001,-0.017233333
624,2009/1/16 3:00,0.70716667,-0.017066667
624,2009/1/16 4:00,0.58131665,-0.016466666
624,2009/1/16 5:00,0.60131669,-0.016083334
624,2009/1/16 6:00,0.54946667,-0.015116666
624,2009/1/16 7:00,0.83606666,0.030316666
624,2009/1/16 8:00,0.50660002,0.17531666
624,2009/1/16 9:00,0.33678332,0.52885002
624,2009/1/16 10:00,0.33633333,1.04705
624,2009/1/16 11:00,0.31263334,2.2679501
624,2009/1/16 12:00,0.42324999,2.7268
624,2009/1/16 13:00,0.46856666,2.8382833
624,2009/1/16 14:00,0.62041664,2.9076834
624,2009/1/16 15:00,1.5201,2.4982834
624,2009/1/16 16:00,1.3148167,2.1538501
624,2009/1/16 17:00,1.8979334,0.82854998
624,2009/1/16 18:00,1.52205,0.27761668
624,2009/1/16 19:00,1.7753667,0.030983333
624,2009/1/16 20:00,1.3753333,-0.017349999
624,2009/1/16 21:00,1.3527499,-0.018100001
624,2009/1/16 22:00,0.97049999,-0.017233333
624,2009/1/16 23:00,0.95228332,-0.0177
624,2009/2/16 0:00,0.60478336,-0.016916666
624,2009/2/16 1:00,0.87300003,-0.01715
624,2009/2/16 2:00,0.5068,-0.016466666
624,2009/2/16 3:00,0.54444999,-0.016783332
624,2009/2/16 4:00,0.85210001,-0.0175
624,2009/2/16 5:00,0.54645002,-0.015816666
624,2009/2/16 6:00,0.51741666,-0.01535
624,2009/2/16 7:00,1.1979834,0.019950001
624,2009/2/16 8:00,2.1482,0.2168
624,2009/2/16 9:00,0.22821666,0.65966666
624,2009/2/16 10:00,0.31813332,1.1613834
624,2009/2/16 11:00,0.58815002,1.9910166
624,2009/2/16 12:00,1.2097833,2.7975833
624,2009/2/16 13:00,0.97651666,2.5981333
624,2009/2/16 14:00,0.22291666,0.99706668
624,2009/2/16 15:00,1.1982833,2.2918334
624,2009/2/16 16:00,1.17665,1.34275
624,2009/2/16 17:00,1.2309667,1.2436666
624,2009/2/16 18:00,1.4263,0.3594
624,2009/2/16 19:00,4.8000002,0.019733334
624,2009/2/16 20:00,1.24485,-0.017483333
624,2009/2/16 21:00,0.95463336,-0.016366666
624,2009/2/16 22:00,3.9407167,-0.0253
624,2009/2/16 23:00,7.2971501,-0.034866668
624,2009/3/16 0:00,4.3106833,-0.0266
624,2009/3/16 1:00,0.69774997,-0.017083334
624,2009/3/16 2:00,0.55405003,-0.0167
624,2009/3/16 3:00,0.56158334,-0.016966667
624,2009/3/16 4:00,0.55089998,-0.01685
624,2009/3/16 5:00,0.49669999,-0.016183333
624,2009/3/16 6:00,0.25353333,-0.015066667
624,2009/3/16 7:00,0.72845,0.038433332
624,2009/3/16 8:00,0.68045002,0.21789999
624,2009/3/16 9:00,0.80419999,0.55291665
624,2009/3/16 10:00,2.9032369,1.1572632
624,2009/3/16 11:00,0.79619998,2.05425
624,2009/3/16 12:00,1.7312334,2.7119668
624,2009/3/16 13:00,1.6698999,2.8155501
624,2009/3/16 14:00,0.49658334,1.9034333
624,2009/3/16 15:00,0.91546667,2.5963333
624,2009/3/16 16:00,0.83726668,2.3173499
624,2009/3/16 17:00,0.98218334,1.5605333
624,2009/3/16 18:00,1.1348,0.32255
624,2009/3/16 19:00,1.8408834,0.032249998
624,2009/3/16 20:00,1.3082167,-0.017000001
624,2009/3/16 21:00,1.3972,-0.017333332
624,2009/3/16 22:00,0.85951668,-0.016083334
624,2009/3/16 23:00,0.93204999,-0.016916666
624,2009/4/16 0:00,0.46973333,-0.01575
624,2009/4/16 1:00,0.73930001,-0.0165
624,2009/4/16 2:00,0.55980003,-0.01615
624,2009/4/16 3:00,0.63916665,-0.016883334
624,2009/4/16 4:00,0.56113333,-0.016483333
624,2009/4/16 5:00,0.55816668,-0.016216667
624,2009/4/16 6:00,0.27093333,-0.015033334
624,2009/4/16 7:00,0.50743335,0.026783334
624,2009/4/16 8:00,1.4348333,0.16503334
624,2009/4/16 9:00,0.77173334,0.56639999
624,2009/4/16 10:00,1.34885,1.187
624,2009/4/16 11:00,1.70295,2.18295
624,2009/4/16 12:00,7.8017669,2.3329334
624,2009/4/16 13:00,8.1193504,2.4480166
624,2009/4/16 14:00,6.6843834,2.5602
624,2009/4/16 15:00,2.0343168,2.5013001
624,2009/4/16 16:00,0.8283,1.45065
624,2009/4/16 17:00,0.66331667,0.95469999
624,2009/4/16 18:00,1.2157167,0.26390001
624,2009/4/16 19:00,1.2185333,0.09905
624,2009/4/16 20:00,1.1124001,-0.016916666
624,2009/4/16 21:00,1.3358001,-0.017833333
624,2009/4/16 22:00,0.72636664,-0.016233332
624,2009/4/16 23:00,0.85511667,-0.016733333
624,2009/5/16 0:00,0.54096669,-0.0164
624,2009/5/16 1:00,0.79110003,-0.016883334
624,2009/5/16 2:00,0.62279999,-0.01675
624,2009/5/16 3:00,0.63186669,-0.016883334
624,2009/5/16 4:00,0.55758333,-0.016333334
624,2009/5/16 5:00,0.69480002,-0.016016666
624,2009/5/16 6:00,0.35791665,-0.015033334
624,2009/5/16 7:00,0.48678333,0.020166667
624,2009/5/16 8:00,0.68241668,0.17148334
624,2009/5/16 9:00,0.80908334,0.65348333
624,2009/5/16 10:00,0.52601665,0.96025002
624,2009/5/16 11:00,0.77495003,1.92035
624,2009/5/16 12:00,0.65130001,2.0524001
624,2009/5/16 13:00,0.37371665,2.8996501
624,2009/5/16 14:00,0.5758,1.61515
624,2009/5/16 15:00,1.0894333,1.2647834
624,2009/5/16 16:00,1.5054333,0.49573332
624,2009/5/16 17:00,1.4801333,0.56763333
624,2009/5/16 18:00,1.8995667,0.50201666
624,2009/5/16 19:00,1.2542167,0.072583333
624,2009/5/16 20:00,1.3686833,-0.017233333
624,2009/5/16 21:00,1.5110834,-0.018549999
624,2009/5/16 22:00,0.99458331,-0.0167
624,2009/5/16 23:00,0.61851668,-0.016183333
624,2009/6/16 0:00,0.88393331,-0.017349999
624,2009/6/16 1:00,0.53013331,-0.016183333
624,2009/6/16 2:00,0.55115002,-0.015916666
624,2009/6/16 3:00,0.58848333,-0.016116668
624,2009/6/16 4:00,0.73079997,-0.0164
624,2009/6/16 5:00,0.51686668,-0.01615
624,2009/6/16 6:00,0.58323336,-0.015733333
624,2009/6/16 7:00,6.7352667,-0.007533333
624,2009/6/16 8:00,6.0010333,0.27643332
624,2009/6/16 9:00,0.23176667,0.56948334
624,2009/6/16 10:00,0.32376668,1.2669333
624,2009/6/16 11:00,0.31153333,1.7374667
624,2009/6/16 12:00,0.31438333,2.5388501
624,2009/6/16 13:00,0.35705,2.5170667
624,2009/6/16 14:00,0.26211667,2.4128499
624,2009/6/16 15:00,1.2923,1.0345334
624,2009/6/16 16:00,0.95740002,2.1922166
624,2009/6/16 17:00,1.6321666,1.4820499
624,2009/6/16 18:00,1.4983166,0.19400001
624,2009/6/16 19:00,2.1450167,0.083516665
624,2009/6/16 20:00,1.4876333,-0.017899999
624,2009/6/16 21:00,0.94945002,-0.016583333
624,2009/6/16 22:00,1.0140333,-0.017266667
624,2009/6/16 23:00,0.57411665,-0.016583333
624,2009/7/16 0:00,0.88884997,-0.017650001
624,2009/7/16 1:00,0.57478333,-0.015866667
624,2009/7/16 2:00,0.52556664,-0.015783334
624,2009/7/16 3:00,0.79526669,-0.016633334
624,2009/7/16 4:00,0.57069999,-0.015883334
624,2009/7/16 5:00,0.22418334,-0.015
624,2009/7/16 6:00,0.57550001,-0.015266667
624,2009/7/16 7:00,1.0732334,0.038199998
624,2009/7/16 8:00,1.1908333,0.32096666
624,2009/7/16 9:00,0.73928332,0.77578336
624,2009/7/16 10:00,0.23693334,0.97531664
624,2009/7/16 11:00,0.34095001,1.8695
624,2009/7/16 12:00,0.33515,2.5546334
624,2009/7/16 13:00,0.28235,2.5945334
624,2009/7/16 14:00,0.24358334,2.6357834
624,2009/7/16 15:00,1.1497166,2.4686
624,2009/7/16 16:00,0.95778334,2.0377667
624,2009/7/16 17:00,1.8124833,1.3202
624,2009/7/16 18:00,2.2547166,0.30593333
624,2009/7/16 19:00,1.32575,0.050633334
624,2009/7/16 20:00,2.2463167,-0.018483333
624,2009/7/16 21:00,1.4881001,-0.018033333
624,2009/7/16 22:00,1.2816334,-0.017816667
624,2009/7/16 23:00,1.2796333,-0.018066667
1103,2009/1/16 0:00,0.28806666,-0.007016667
1103,2009/1/16 1:00,0.27591667,-0.007
1103,2009/1/16 2:00,0.27599999,-0.007
1103,2009/1/16 3:00,0.27598333,-0.007
1103,2009/1/16 4:00,0.79636669,-0.007733333
1103,2009/1/16 5:00,1.5932833,-0.00865
1103,2009/1/16 6:00,0.90939999,-0.007666667
1103,2009/1/16 7:00,0.75103331,0.035166666
1103,2009/1/16 8:00,0.25115001,0.29026666
1103,2009/1/16 9:00,0.25821668,0.71978331
1103,2009/1/16 10:00,0.26451668,1.31645
1103,2009/1/16 11:00,0.26751667,1.77895
1103,2009/1/16 12:00,0.27375001,2.3548
1103,2009/1/16 13:00,0.27285001,2.3957
1103,2009/1/16 14:00,0.27568334,2.7163167
1103,2009/1/16 15:00,1.5858166,2.3516834
1103,2009/1/16 16:00,1.8144166,2.1176834
1103,2009/1/16 17:00,1.3545667,0.79756665
1103,2009/1/16 18:00,1.2541833,0.25743333
1103,2009/1/16 19:00,2.6858499,0.023183333
1103,2009/1/16 20:00,3.2172501,-0.013266667
1103,2009/1/16 21:00,2.6277499,-0.009766666
1103,2009/1/16 22:00,2.8908999,-0.010116667
1103,2009/1/16 23:00,1.7869834,-0.00885
1103,2009/2/16 0:00,0.27406666,-0.007
1103,2009/2/16 1:00,0.28316668,-0.007
1103,2009/2/16 2:00,0.28503335,-0.007
1103,2009/2/16 3:00,0.28491667,-0.007
1103,2009/2/16 4:00,0.88178331,-0.00785
1103,2009/2/16 5:00,1.51595,-0.00865
1103,2009/2/16 6:00,0.94634998,-0.0077
1103,2009/2/16 7:00,0.7786833,0.021366667
1103,2009/2/16 8:00,0.2493,0.2253
1103,2009/2/16 9:00,0.25825,0.64293331
1103,2009/2/16 10:00,0.26376668,1.0572
1103,2009/2/16 11:00,0.27105001,2.0535834
1103,2009/2/16 12:00,0.27505001,2.4091001
1103,2009/2/16 13:00,0.27543333,2.49225
1103,2009/2/16 14:00,0.27086666,1.2336
1103,2009/2/16 15:00,0.28306666,2.0314333
1103,2009/2/16 16:00,1.0788833,1.51175
1103,2009/2/16 17:00,1.1334667,1.4936334
1103,2009/2/16 18:00,1.67935,0.60531664
1103,2009/2/16 19:00,3.5331166,0.030866666
1103,2009/2/16 20:00,3.2050834,-0.0134
1103,2009/2/16 21:00,2.3501999,-0.00915
1103,2009/2/16 22:00,2.5564001,-0.009733333
1103,2009/2/16 23:00,0.58088332,-0.007283333
1103,2009/3/16 0:00,0.93425,-0.0079
1103,2009/3/16 1:00,0.28133333,-0.007
1103,2009/3/16 2:00,0.28066668,-0.007
1103,2009/3/16 3:00,0.27888334,-0.007
1103,2009/3/16 4:00,0.28,-0.007
1103,2009/3/16 5:00,1.2879833,-0.008416667
1103,2009/3/16 6:00,0.28673333,-0.007
1103,2009/3/16 7:00,0.67465001,0.0396
1103,2009/3/16 8:00,0.73455,0.31888333
1103,2009/3/16 9:00,0.81616664,0.73566669
1103,2009/3/16 10:00,0.85691667,1.3184333
1103,2009/3/16 11:00,0.85224998,1.9307667
1103,2009/3/16 12:00,0.27430001,2.3576167
1103,2009/3/16 13:00,1.1549,2.3468833
1103,2009/3/16 14:00,1.9916167,1.7830833
1103,2009/3/16 15:00,1.65965,2.59975
1103,2009/3/16 16:00,2.3016,2.2053332
1103,2009/3/16 17:00,3.0136166,1.69475
1103,2009/3/16 18:00,1.4450834,0.34431666
1103,2009/3/16 19:00,1.3454833,0.0504
1103,2009/3/16 20:00,0.34331667,-0.009483334
1103,2009/3/16 21:00,0.33701667,-0.007
1103,2009/3/16 22:00,2.0063834,-0.009
1103,2009/3/16 23:00,3.43205,-0.011
1103,2009/4/16 0:00,0.67346668,-0.007433333
1103,2009/4/16 1:00,0.32433334,-0.007
1103,2009/4/16 2:00,0.32455,-0.007
1103,2009/4/16 3:00,0.33093333,-0.007
1103,2009/4/16 4:00,0.34713334,-0.007
1103,2009/4/16 5:00,1.8764666,-0.00915
1103,2009/4/16 6:00,0.35031667,-0.007
1103,2009/4/16 7:00,1.3400834,0.031883333
1103,2009/4/16 8:00,1.0754666,0.29696667
1103,2009/4/16 9:00,0.97329998,0.73733336
1103,2009/4/16 10:00,0.94213331,1.44665
1103,2009/4/16 11:00,1.1260834,1.8642
1103,2009/4/16 12:00,2.08515,1.9542
1103,2009/4/16 13:00,2.3477666,2.5708666
1103,2009/4/16 14:00,2.7804167,2.4260499
1103,2009/4/16 15:00,1.6417333,2.3659501
1103,2009/4/16 16:00,3.0689833,1.5353333
1103,2009/4/16 17:00,3.0276334,1.0149
1103,2009/4/16 18:00,2.2049999,0.31378335
1103,2009/4/16 19:00,1.1406667,0.096199997
1103,2009/4/16 20:00,1.5532666,-0.011116667
1103,2009/4/16 21:00,1.71375,-0.00855
1103,2009/4/16 22:00,2.1803,-0.009016667
1103,2009/4/16 23:00,2.0350499,-0.008766667
1103,2009/5/16 0:00,0.67291665,-0.0072
1103,2009/5/16 1:00,0.47815001,-0.007
1103,2009/5/16 2:00,0.43521667,-0.007
1103,2009/5/16 3:00,0.40076667,-0.007
1103,2009/5/16 4:00,0.39146668,-0.007
1103,2009/5/16 5:00,1.7871166,-0.009
1103,2009/5/16 6:00,1.0169834,-0.007966667
1103,2009/5/16 7:00,0.40740001,0.018166667
1103,2009/5/16 8:00,0.46201667,0.18641667
1103,2009/5/16 9:00,1.1412333,0.52219999
1103,2009/5/16 10:00,1.05165,0.93921667
1103,2009/5/16 11:00,1.3087667,1.8239501
1103,2009/5/16 12:00,2.1485167,2.0750833
1103,2009/5/16 13:00,1.4807833,2.60165
1103,2009/5/16 14:00,1.8987499,1.6289667
1103,2009/5/16 15:00,0.4064,1.0122499
1103,2009/5/16 16:00,1.9761833,0.45621666
1103,2009/5/16 17:00,1.9079167,0.55765003
1103,2009/5/16 18:00,2.42975,0.82306665
1103,2009/5/16 19:00,1.16445,0.11503334
1103,2009/5/16 20:00,1.5610334,-0.01135
1103,2009/5/16 21:00,1.3681667,-0.007983333
1103,2009/5/16 22:00,2.6982999,-0.009783333
1103,2009/5/16 23:00,1.0816166,-0.007883334
1103,2009/6/16 0:00,0.37553334,-0.007
1103,2009/6/16 1:00,0.37423334,-0.007
1103,2009/6/16 2:00,0.36256668,-0.007
1103,2009/6/16 3:00,0.36348334,-0.007
1103,2009/6/16 4:00,0.36129999,-0.007
1103,2009/6/16 5:00,1.58155,-0.0087
1103,2009/6/16 6:00,1.0493166,-0.007816667
1103,2009/6/16 7:00,0.30989999,0.007333333
1103,2009/6/16 8:00,0.26678333,0.24233334
1103,2009/6/16 9:00,0.26800001,0.58513331
1103,2009/6/16 10:00,0.27038333,1.32735
1103,2009/6/16 11:00,0.26545,1.60655
1103,2009/6/16 12:00,0.26888335,2.1331334
1103,2009/6/16 13:00,0.26768333,2.3765333
1103,2009/6/16 14:00,0.26989999,2.2573833
1103,2009/6/16 15:00,0.27963334,1.07145
1103,2009/6/16 16:00,0.51195002,1.9382167
1103,2009/6/16 17:00,3.4765999,1.6587833
1103,2009/6/16 18:00,2.8061333,0.33916667
1103,2009/6/16 19:00,1.8773,0.12143333
1103,2009/6/16 20:00,1.5827833,-0.009733333
1103,2009/6/16 21:00,1.352,-0.0081
1103,2009/6/16 22:00,2.6174166,-0.009816667
1103,2009/6/16 23:00,0.88875002,-0.007783333
1103,2009/7/16 0:00,0.93669999,-0.0079
1103,2009/7/16 1:00,0.27011666,-0.006983333
1103,2009/7/16 2:00,0.27016667,-0.007
1103,2009/7/16 3:00,0.27211666,-0.007
1103,2009/7/16 4:00,0.27161667,-0.007
1103,2009/7/16 5:00,1.5620667,-0.008733333
1103,2009/7/16 6:00,1.6781,-0.0087
1103,2009/7/16 7:00,0.32458332,0.040433332
1103,2009/7/16 8:00,0.28246668,0.34876665
1103,2009/7/16 9:00,0.26901665,0.76934999
1103,2009/7/16 10:00,0.27381667,1.03325
1103,2009/7/16 11:00,0.27356666,1.3227834
1103,2009/7/16 12:00,0.2836,2.2766333
1103,2009/7/16 13:00,0.43773332,2.1330833
1103,2009/7/16 14:00,0.29984999,2.5048001
1103,2009/7/16 15:00,0.26750001,1.8777666
1103,2009/7/16 16:00,1.1614,1.9395666
1103,2009/7/16 17:00,1.16195,1.5600667
1103,2009/7/16 18:00,1.1641999,0.94531667
1103,2009/7/16 19:00,2.68505,0.14613333
1103,2009/7/16 20:00,2.8199666,-0.01095
1103,2009/7/16 21:00,2.0646999,-0.008916667
1103,2009/7/16 22:00,2.4530833,-0.009466667
1103,2009/7/16 23:00,2.64995,-0.010066667
1169,2009/1/16 0:00,1.1897,-0.00525
1169,2009/1/16 1:00,1.1616334,-0.005516667
1169,2009/1/16 2:00,0.58311665,-0.0059
1169,2009/1/16 3:00,4.1623502,-0.004666667
1169,2009/1/16 4:00,3.87835,-0.0049
1169,2009/1/16 5:00,3.2876,-0.004516667
1169,2009/1/16 6:00,0.64826667,-0.005833333
1169,2009/1/16 7:00,0.64273334,0.029416667
1169,2009/1/16 8:00,1.1201,0.29368332
1169,2009/1/16 9:00,1.2222167,1.0728
1169,2009/1/16 10:00,1.2326334,1.7743167
1169,2009/1/16 11:00,2.0520501,1.9684167
1169,2009/1/16 12:00,1.87545,2.44245
1169,2009/1/16 13:00,1.7666,2.4221168
1169,2009/1/16 14:00,0.68566668,2.6175334
1169,2009/1/16 15:00,1.1749166,2.1690333
1169,2009/1/16 16:00,2.8261833,1.8425
1169,2009/1/16 17:00,2.3991666,0.65960002
1169,2009/1/16 18:00,2.10745,0.22576667
1169,2009/1/16 19:00,1.83795,0.020416666
1169,2009/1/16 20:00,1.92415,-0.004516667
1169,2009/1/16 21:00,1.77885,-0.0046
1169,2009/1/16 22:00,1.6314334,-0.00485
1169,2009/1/16 23:00,1.5275,-0.004883333
1169,2009/2/16 0:00,1.2403834,-0.005216667
1169,2009/2/16 1:00,0.70933336,-0.005733334
1169,2009/2/16 2:00,0.98629999,-0.005633333
1169,2009/2/16 3:00,1.0322666,-0.005566667
1169,2009/2/16 4:00,0.55435002,-0.006
1169,2009/2/16 5:00,1.4221833,-0.005183334
1169,2009/2/16 6:00,0.5402,-0.006
1169,2009/2/16 7:00,0.66388333,0.014183333
1169,2009/2/16 8:00,1.0192833,0.21568333
1169,2009/2/16 9:00,0.69303334,0.65306669
1169,2009/2/16 10:00,1.42735,1.11125
1169,2009/2/16 11:00,0.95643336,2.1659
1169,2009/2/16 12:00,1.8677833,2.4037499
1169,2009/2/16 13:00,1.8366834,2.4669001
1169,2009/2/16 14:00,0.5326333,1.3193333
1169,2009/2/16 15:00,0.48438334,2.1238167
1169,2009/2/16 16:00,1.6635333,1.4263166
1169,2009/2/16 17:00,2.8354833,1.1202333
1169,2009/2/16 18:00,1.6110166,0.33123332
1169,2009/2/16 19:00,1.9025,0.017133333
1169,2009/2/16 20:00,1.3465667,-0.005083333
1169,2009/2/16 21:00,1.4414166,-0.00505
1169,2009/2/16 22:00,1.5994834,-0.00485
1169,2009/2/16 23:00,0.77913332,-0.0057
1169,2009/3/16 0:00,1.2025666,-0.005283333
1169,2009/3/16 1:00,0.50826669,-0.006
1169,2009/3/16 2:00,0.68190002,-0.0058
1169,2009/3/16 3:00,0.76043332,-0.005816667
1169,2009/3/16 4:00,0.48648334,-0.006
1169,2009/3/16 5:00,0.97778332,-0.00555
1169,2009/3/16 6:00,0.49668333,-0.006
1169,2009/3/16 7:00,1.1150833,0.033716667
1169,2009/3/16 8:00,0.65253335,0.32501668
1169,2009/3/16 9:00,1.2215166,1.0609666
1169,2009/3/16 10:00,1.1167166,1.7472167
1169,2009/3/16 11:00,0.75871664,2.1491666
1169,2009/3/16 12:00,1.5338167,2.6415834
1169,2009/3/16 13:00,2.4811001,2.2601833
1169,2009/3/16 14:00,0.6225,2.0741668
1169,2009/3/16 15:00,0.48338333,2.4468501
1169,2009/3/16 16:00,2.3411667,1.8786167
1169,2009/3/16 17:00,0.98581666,1.2805166
1169,2009/3/16 18:00,0.47595,0.26765001
1169,2009/3/16 19:00,0.94883335,0.028266666
1169,2009/3/16 20:00,2.7139499,-0.003783333
1169,2009/3/16 21:00,1.1961167,-0.004916667
1169,2009/3/16 22:00,1.5251167,-0.005
1169,2009/3/16 23:00,1.3412666,-0.004983333
1169,2009/4/16 0:00,1.0445666,-0.00545
1169,2009/4/16 1:00,1.0595167,-0.005633333
1169,2009/4/16 2:00,3.5610499,-0.005083333
1169,2009/4/16 3:00,4.2968502,-0.004716667
1169,2009/4/16 4:00,3.8247499,-0.005
1169,2009/4/16 5:00,2.0841501,-0.00555
1169,2009/4/16 6:00,1.26105,-0.0054
1169,2009/4/16 7:00,0.70808333,0.0266
1169,2009/4/16 8:00,1.1373333,0.2933
1169,2009/4/16 9:00,0.48896667,1.0005667
1169,2009/4/16 10:00,0.46066666,1.7445166
1169,2009/4/16 11:00,0.46888334,2.09725
1169,2009/4/16 12:00,0.90078336,2.1450667
1169,2009/4/16 13:00,2.6800499,2.6406167
1169,2009/4/16 14:00,1.4346334,2.3988166
1169,2009/4/16 15:00,0.88506669,2.12695
1169,2009/4/16 16:00,2.0966833,1.4234
1169,2009/4/16 17:00,3.9908333,0.77263331
1169,2009/4/16 18:00,2.1723332,0.25708333
1169,2009/4/16 19:00,4.0216165,0.090533331
1169,2009/4/16 20:00,2.05355,-0.004816667
1169,2009/4/16 21:00,2.1099,-0.004316667
1169,2009/4/16 22:00,0.71350002,-0.005916667
1169,2009/4/16 23:00,2.0706666,-0.004316667
1169,2009/5/16 0:00,0.50033331,-0.006
1169,2009/5/16 1:00,0.50406665,-0.006
1169,2009/5/16 2:00,1.2149167,-0.00505
1169,2009/5/16 3:00,0.58794999,-0.005833333
1169,2009/5/16 4:00,0.4567,-0.006
1169,2009/5/16 5:00,0.44033334,-0.006
1169,2009/5/16 6:00,0.89029998,-0.00565
1169,2009/5/16 7:00,0.52628332,0.01075
1169,2009/5/16 8:00,1.0981333,0.20176667
1169,2009/5/16 9:00,0.6655333,0.47536665
1169,2009/5/16 10:00,1.0908667,0.93828332
1169,2009/5/16 11:00,0.47776666,1.9439334
1169,2009/5/16 12:00,0.87463331,2.1382334
1169,2009/5/16 13:00,2.9916666,2.6214333
1169,2009/5/16 14:00,1.6079,1.5726
1169,2009/5/16 15:00,1.5019333,0.86906666
1169,2009/5/16 16:00,2.42225,0.40253332
1169,2009/5/16 17:00,1.3849666,0.48108333
1169,2009/5/16 18:00,1.68945,0.46846667
1169,2009/5/16 19:00,1.4473833,0.050483335
1169,2009/5/16 20:00,1.4132,-0.005016667
1169,2009/5/16 21:00,1.4505334,-0.005
1169,2009/5/16 22:00,1.2761166,-0.005366667
1169,2009/5/16 23:00,0.56999999,-0.005866667
1169,2009/6/16 0:00,1.4588833,-0.004983333
1169,2009/6/16 1:00,0.52298331,-0.006
1169,2009/6/16 2:00,0.87744999,-0.005683333
1169,2009/6/16 3:00,0.88378334,-0.005583333
1169,2009/6/16 4:00,0.48696667,-0.006
1169,2009/6/16 5:00,0.47825,-0.006
1169,2009/6/16 6:00,0.93213332,-0.005716667
1169,2009/6/16 7:00,0.64626664,0.00155
1169,2009/6/16 8:00,1.01605,0.20903334
1169,2009/6/16 9:00,1.1578333,0.62491667
1169,2009/6/16 10:00,0.50494999,1.4796166
1169,2009/6/16 11:00,0.82958335,1.7370334
1169,2009/6/16 12:00,1.8250667,2.2365832
1169,2009/6/16 13:00,1.2948999,2.4540167
1169,2009/6/16 14:00,1.4212166,2.2143667
1169,2009/6/16 15:00,2.1680334,1.0084
1169,2009/6/16 16:00,1.7918833,1.6885166
1169,2009/6/16 17:00,1.8787667,1.18165
1169,2009/6/16 18:00,2.2043333,0.19315
1169,2009/6/16 19:00,1.3440334,0.081216663
1169,2009/6/16 20:00,2.7604001,-0.00405
1169,2009/6/16 21:00,1.3665,-0.005166667
1169,2009/6/16 22:00,1.3566667,-0.00535
1169,2009/6/16 23:00,1.0605333,-0.005183334
1169,2009/7/16 0:00,0.99515003,-0.005516667
1169,2009/7/16 1:00,0.51295,-0.006
1169,2009/7/16 2:00,1.8591,-0.005233333
1169,2009/7/16 3:00,3.74405,-0.005
1169,2009/7/16 4:00,4.2741833,-0.0047
1169,2009/7/16 5:00,2.6797333,-0.005
1169,2009/7/16 6:00,1.0218333,-0.005266667
1169,2009/7/16 7:00,0.91750002,0.0317
1169,2009/7/16 8:00,1.04115,0.31056666
1169,2009/7/16 9:00,1.4830333,0.92615002
1169,2009/7/16 10:00,0.69800001,1.1953501
1169,2009/7/16 11:00,0.51133335,1.5775501
1169,2009/7/16 12:00,0.49755001,2.4744666
1169,2009/7/16 13:00,0.48776665,2.2111833
1169,2009/7/16 14:00,0.4691,2.3260334
1169,2009/7/16 15:00,0.46430001,1.7040833
1169,2009/7/16 16:00,1.47245,1.59755
1169,2009/7/16 17:00,2.7901666,1.0539833
1169,2009/7/16 18:00,2.6898999,0.45449999
1169,2009/7/16 19:00,2.8531168,0.046566665
1169,2009/7/16 20:00,2.4678833,-0.003533333
1169,2009/7/16 21:00,2.4867001,-0.00275
1169,2009/7/16 22:00,2.5489833,-0.003083333
1169,2009/7/16 23:00,1.3387834,-0.005116667
